Nome_Malattia,Anno,Regione,Casi_Totali,Sintomatici,Gravita_Media,Tasso_Mortalita,Percentuale_Su_Totale_Nazionale
Sclerosi Multipla,2018,Abruzzo,2100,1840,6.2,0.45,1.86
Sclerosi Multipla,2018,Basilicata,480,415,6.1,0.42,0.42
Sclerosi Multipla,2018,Calabria,2450,2150,6.2,0.48,2.17
Sclerosi Multipla,2018,Campania,8000,480,6.1,0.44,8.18
Sclerosi Multipla,2018,Emilia Romagna,8200,450,6.3,0.52,7.25
Sclerosi Multipla,2018,Friuli Venezia Giulia,1800,1580,6.4,0.55,1.59
Sclerosi Multipla,2018,Lazio,10500,9130,6.3,0.49,9.28
Sclerosi Multipla,2018,Liguria,2900,2580,6.5,0.58,2.56
Sclerosi Multipla,2018,Lombardia,18200,15800,6.4,0.51,16.09
Sclerosi Multipla,2018,Marche,2400,2110,6.3,0.50,2.12
Sclerosi Multipla,2018,Molise,240,205,6.2,0.46,0.21
Sclerosi Multipla,2018,Piemonte,8300,7300,6.4,0.53,7.34
Sclerosi Multipla,2018,Puglia,6500,5650,6.2,0.47,6.15
Sclerosi Multipla,2018,Sardegna,11500,10200,6.5,0.54,10.17
Sclerosi Multipla,2018,Sicilia,9500,8260,6.2,0.49,8.40
Sclerosi Multipla,2018,Toscana,7100,6170,6.3,0.52,6.28
Sclerosi Multipla,2018,Trentino Alto Adige,1200,1050,6.4,0.54,1.06
Sclerosi Multipla,2018,Umbria,1200,1040,6.3,0.51,1.06
Sclerosi Multipla,2018,Valle D'Aosta,120,105,6.5,0.57,0.11
Sclerosi Multipla,2018,Veneto,9600,8440,6.4,0.52,8.49
Sclerosi Multipla,2019,Abruzzo,2144,1878,6.2,0.45,1.86
Sclerosi Multipla,2019,Basilicata,490,429,6.1,0.42,0.42
Sclerosi Multipla,2019,Calabria,2501,2191,6.2,0.48,2.17
Sclerosi Multipla,2019,Campania,8985,7871,6.1,0.44,8.18
Sclerosi Multipla,2019,Emilia Romagna,8372,7334,6.3,0.52,7.25
Sclerosi Multipla,2019,Friuli Venezia Giulia,1838,1610,6.4,0.55,1.59
Sclerosi Multipla,2019,Lazio,10720,9391,6.3,0.49,9.28
Sclerosi Multipla,2019,Liguria,2961,2594,6.5,0.58,2.56
Sclerosi Multipla,2019,Lombardia,18582,16278,6.4,0.51,16.09
Sclerosi Multipla,2019,Marche,2450,2146,6.3,0.50,2.12
Sclerosi Multipla,2019,Molise,245,215,6.2,0.46,0.21
Sclerosi Multipla,2019,Piemonte,8474,7423,6.4,0.53,7.34
Sclerosi Multipla,2019,Puglia,6636,5813,6.2,0.47,6.15
Sclerosi Multipla,2019,Sardegna,11741,10285,6.5,0.54,10.17
Sclerosi Multipla,2019,Sicilia,9700,8497,6.2,0.49,8.40
Sclerosi Multipla,2019,Toscana,7249,6350,6.3,0.52,6.28
Sclerosi Multipla,2019,Trentino Alto Adige,1225,1073,6.4,0.54,1.06
Sclerosi Multipla,2019,Umbria,1225,1073,6.3,0.51,1.06
Sclerosi Multipla,2019,Valle D'Aosta,123,108,6.5,0.57,0.11
Sclerosi Multipla,2019,Veneto,9802,8586,6.4,0.52,8.49
Sclerosi Multipla,2020,Abruzzo,2189,1921,6.3,0.47,1.86
Sclerosi Multipla,2020,Basilicata,500,439,6.2,0.44,0.42
Sclerosi Multipla,2020,Calabria,2554,2242,6.3,0.50,2.17
Sclerosi Multipla,2020,Campania,9174,8054,6.2,0.46,8.18
Sclerosi Multipla,2020,Emilia Romagna,8548,7505,6.4,0.54,7.25
Sclerosi Multipla,2020,Friuli Venezia Giulia,1876,1647,6.5,0.57,1.59
Sclerosi Multipla,2020,Lazio,10946,9611,6.4,0.51,9.28
Sclerosi Multipla,2020,Liguria,3023,2654,6.6,1.00,2.56
Sclerosi Multipla,2020,Lombardia,18972,16657,6.5,0.53,16.09
Sclerosi Multipla,2020,Marche,2502,2197,6.4,0.52,2.12
Sclerosi Multipla,2020,Molise,250,220,6.3,0.48,0.21
Sclerosi Multipla,2020,Piemonte,8652,7596,6.5,0.55,7.34
Sclerosi Multipla,2020,Puglia,6776,5949,6.3,0.49,6.15
Sclerosi Multipla,2020,Sardegna,11988,10525,6.6,0.56,10.17
Sclerosi Multipla,2020,Sicilia,9903,8695,6.3,0.51,8.40
Sclerosi Multipla,2020,Toscana,7401,6498,6.4,0.54,6.28
Sclerosi Multipla,2020,Trentino Alto Adige,1251,1098,6.5,0.56,1.06
Sclerosi Multipla,2020,Umbria,1251,1098,6.4,0.53,1.06
Sclerosi Multipla,2020,Valle D'Aosta,125,110,6.6,0.59,0.11
Sclerosi Multipla,2020,Veneto,10007,8786,6.5,0.54,8.49
Sclerosi Multipla,2021,Abruzzo,2235,1962,6.3,0.45,1.86
Sclerosi Multipla,2021,Basilicata,511,448,6.2,0.42,0.42
Sclerosi Multipla,2021,Calabria,2607,2289,6.3,0.48,2.17
Sclerosi Multipla,2021,Campania,9366,8223,6.2,0.44,8.18
Sclerosi Multipla,2021,Emilia Romagna,8727,7662,6.4,0.52,7.25
Sclerosi Multipla,2021,Friuli Venezia Giulia,1916,1682,6.5,0.55,1.59
Sclerosi Multipla,2021,Lazio,11175,9812,6.4,0.49,9.28
Sclerosi Multipla,2021,Liguria,3087,2710,6.6,0.58,2.56
Sclerosi Multipla,2021,Lombardia,19371,17008,6.5,0.51,16.09
Sclerosi Multipla,2021,Marche,2554,2242,6.4,0.50,2.12
Sclerosi Multipla,2021,Molise,255,224,6.3,0.46,0.21
Sclerosi Multipla,2021,Piemonte,8834,7756,6.5,0.53,7.34
Sclerosi Multipla,2021,Puglia,6918,6074,6.3,0.47,6.15
Sclerosi Multipla,2021,Sardegna,12240,10746,6.6,0.54,10.17
Sclerosi Multipla,2021,Sicilia,10111,8878,6.3,0.49,8.40
Sclerosi Multipla,2021,Toscana,7557,6635,6.4,0.52,6.28
Sclerosi Multipla,2021,Trentino Alto Adige,1277,1121,6.5,0.54,1.06
Sclerosi Multipla,2021,Umbria,1277,1121,6.4,0.51,1.06
Sclerosi Multipla,2021,Valle D'Aosta,128,112,6.6,0.57,0.11
Sclerosi Multipla,2021,Veneto,10218,8971,6.5,0.52,8.49
Sclerosi Multipla,2022,Abruzzo,2282,2008,6.3,0.44,1.86
Sclerosi Multipla,2022,Basilicata,521,459,6.2,0.41,0.42
Sclerosi Multipla,2022,Calabria,2662,2343,6.3,0.47,2.17
Sclerosi Multipla,2022,Campania,9563,8415,6.2,0.43,8.18
Sclerosi Multipla,2022,Emilia Romagna,8911,7842,6.4,0.51,7.25
Sclerosi Multipla,2022,Friuli Venezia Giulia,1956,1721,6.5,0.54,1.59
Sclerosi Multipla,2022,Lazio,11410,10041,6.4,0.48,9.28
Sclerosi Multipla,2022,Liguria,3152,2774,6.6,0.57,2.56
Sclerosi Multipla,2022,Lombardia,19778,17405,6.5,0.50,16.09
Sclerosi Multipla,2022,Marche,2608,2295,6.4,0.49,2.12
Sclerosi Multipla,2022,Molise,261,230,6.3,0.45,0.21
Sclerosi Multipla,2022,Piemonte,9019,7937,6.5,0.52,7.34
Sclerosi Multipla,2022,Puglia,7063,6215,6.3,0.46,6.15
Sclerosi Multipla,2022,Sardegna,12497,10997,6.6,0.53,10.17
Sclerosi Multipla,2022,Sicilia,10324,9085,6.3,0.48,8.40
Sclerosi Multipla,2022,Toscana,7715,6789,6.4,0.51,6.28
Sclerosi Multipla,2022,Trentino Alto Adige,1304,1148,6.5,0.53,1.06
Sclerosi Multipla,2022,Umbria,1304,1148,6.4,0.50,1.06
Sclerosi Multipla,2022,Valle D'Aosta,131,115,6.6,0.56,0.11
Sclerosi Multipla,2022,Veneto,10432,9180,6.5,0.51,8.49
Sclerosi Multipla,2023,Abruzzo,2330,2055,6.4,0.43,1.86
Sclerosi Multipla,2023,Basilicata,532,470,6.3,0.40,0.42
Sclerosi Multipla,2023,Calabria,2718,2397,6.4,0.46,2.17
Sclerosi Multipla,2023,Campania,9764,8612,6.3,0.42,8.18
Sclerosi Multipla,2023,Emilia Romagna,9098,8024,6.5,0.50,7.25
Sclerosi Multipla,2023,Friuli Venezia Giulia,1997,1761,6.6,0.53,1.59
Sclerosi Multipla,2023,Lazio,11649,10274,6.5,0.47,9.28
Sclerosi Multipla,2023,Liguria,3218,2838,6.7,0.56,2.56
Sclerosi Multipla,2023,Lombardia,20193,17810,6.6,0.49,16.09
Sclerosi Multipla,2023,Marche,2663,2349,6.5,0.48,2.12
Sclerosi Multipla,2023,Molise,266,235,6.4,0.44,0.21
Sclerosi Multipla,2023,Piemonte,9209,8122,6.6,0.51,7.34
Sclerosi Multipla,2023,Puglia,7212,6361,6.4,0.45,6.15
Sclerosi Multipla,2023,Sardegna,12759,11253,6.7,0.52,10.17
Sclerosi Multipla,2023,Sicilia,10540,9296,6.4,0.47,8.40
Sclerosi Multipla,2023,Toscana,7877,6948,6.5,0.50,6.28
Sclerosi Multipla,2023,Trentino Alto Adige,1332,1175,6.6,0.52,1.06
Sclerosi Multipla,2023,Umbria,1332,1175,6.5,0.49,1.06
Sclerosi Multipla,2023,Valle D'Aosta,133,117,6.7,0.55,0.11
Sclerosi Multipla,2023,Veneto,10651,9394,6.6,0.50,8.49
Sclerosi Multipla,2024,Abruzzo,2379,2103,6.4,0.43,1.86
Sclerosi Multipla,2024,Basilicata,543,481,6.3,0.40,0.42
Sclerosi Multipla,2024,Calabria,2775,2453,6.4,0.46,2.17
Sclerosi Multipla,2024,Campania,9969,8813,6.3,0.42,8.18
Sclerosi Multipla,2024,Emilia Romagna,9289,8212,6.5,0.50,7.25
Sclerosi Multipla,2024,Friuli Venezia Giulia,2039,1802,6.6,0.53,1.59
Sclerosi Multipla,2024,Lazio,11894,10514,6.5,0.47,9.28
Sclerosi Multipla,2024,Liguria,3286,2905,6.7,0.56,2.56
Sclerosi Multipla,2024,Lombardia,20617,18225,6.6,0.49,16.09
Sclerosi Multipla,2024,Marche,2719,2404,6.5,0.48,2.12
Sclerosi Multipla,2024,Molise,272,240,6.4,0.44,0.21
Sclerosi Multipla,2024,Piemonte,9402,8311,6.6,0.51,7.34
Sclerosi Multipla,2024,Puglia,7363,6509,6.4,0.45,6.15
Sclerosi Multipla,2024,Sardegna,13027,11516,6.7,0.52,10.17
Sclerosi Multipla,2024,Sicilia,10762,9513,6.4,0.47,8.40
Sclerosi Multipla,2024,Toscana,8043,7110,6.5,0.50,6.28
Sclerosi Multipla,2024,Trentino Alto Adige,1360,1202,6.6,0.52,1.06
Sclerosi Multipla,2024,Umbria,1360,1202,6.5,0.49,1.06
Sclerosi Multipla,2024,Valle D'Aosta,136,120,6.7,0.55,0.11
Sclerosi Multipla,2024,Veneto,10875,9613,6.6,0.50,8.49
Sclerosi Multipla,2025,Abruzzo,2429,2152,6.4,0.42,1.86
Sclerosi Multipla,2025,Basilicata,555,492,6.3,0.39,0.42
Sclerosi Multipla,2025,Calabria,2833,2509,6.4,0.45,2.17
Sclerosi Multipla,2025,Campania,10178,9018,6.3,0.41,8.18
Sclerosi Multipla,2025,Emilia Romagna,9484,8403,6.5,0.49,7.25
Sclerosi Multipla,2025,Friuli Venezia Giulia,2082,1845,6.6,0.52,1.59
Sclerosi Multipla,2025,Lazio,12144,10747,6.5,0.46,9.28
Sclerosi Multipla,2025,Liguria,3355,2973,6.7,0.55,2.56
Sclerosi Multipla,2025,Lombardia,21050,18629,6.6,0.48,16.09
Sclerosi Multipla,2025,Marche,2776,2459,6.5,0.47,2.12
Sclerosi Multipla,2025,Molise,277,245,6.4,0.43,0.21
Sclerosi Multipla,2025,Piemonte,9600,8506,6.6,0.50,7.34
Sclerosi Multipla,2025,Puglia,7518,6661,6.4,0.44,6.15
Sclerosi Multipla,2025,Sardegna,13301,11783,6.7,0.51,10.17
Sclerosi Multipla,2025,Sicilia,10988,9735,6.4,0.46,8.40
Sclerosi Multipla,2025,Toscana,8212,7276,6.5,0.49,6.28
Sclerosi Multipla,2025,Trentino Alto Adige,1388,1230,6.6,0.51,1.06
Sclerosi Multipla,2025,Umbria,1388,1230,6.5,0.48,1.06
Sclerosi Multipla,2025,Valle D'Aosta,139,123,6.7,0.54,0.11
Sclerosi Multipla,2025,Veneto,11103,9837,6.6,0.49,8.49
Celiachia,2018,Abruzzo,4800,2100,2.5,0.02,2.20
Celiachia,2018,Basilicata,2000,850,2.4,0.01,0.92
Celiachia,2018,Calabria,7000,3100,2.5,0.02,3.21
Celiachia,2018,Campania,20700,9100,2.4,0.02,9.49
Celiachia,2018,Emilia Romagna,16100,7100,2.6,0.03,7.38
Celiachia,2018,Friuli Venezia Giulia,4350,1900,2.5,0.02,1.99
Celiachia,2018,Lazio,21400,9400,2.5,0.03,9.81
Celiachia,2018,Liguria,5650,2500,2.6,0.03,2.59
Celiachia,2018,Lombardia,36000,15800,2.6,0.02,16.51
Celiachia,2018,Marche,5450,2400,2.5,0.02,2.50
Celiachia,2018,Molise,1100,480,2.4,0.01,0.50
Celiachia,2018,Piemonte,15700,6900,2.6,0.03,7.20
Celiachia,2018,Puglia,14600,6400,2.5,0.02,6.70
Celiachia,2018,Sardegna,6100,2700,2.6,0.02,2.80
Celiachia,2018,Sicilia,17650,7750,2.5,0.02,8.09
Celiachia,2018,Toscana,13500,5950,2.5,0.03,6.19
Celiachia,2018,Trentino Alto Adige,3700,1650,2.5,0.02,1.70
Celiachia,2018,Umbria,3250,1450,2.5,0.02,1.49
Celiachia,2018,Valle D'Aosta,450,200,2.6,0.02,0.21
Celiachia,2018,Veneto,18600,8200,2.6,0.03,8.53
Celiachia,2019,Abruzzo,4954,2167,2.5,0.02,2.20
Celiachia,2019,Basilicata,2064,877,2.4,0.02,0.92
Celiachia,2019,Calabria,7224,3199,2.5,0.01,3.21
Celiachia,2019,Campania,21362,9391,2.4,0.02,9.49
Celiachia,2019,Emilia Romagna,16615,7327,2.6,0.02,7.38
Celiachia,2019,Friuli Venezia Giulia,4489,1961,2.5,0.03,1.99
Celiachia,2019,Lazio,22085,9701,2.5,0.02,9.81
Celiachia,2019,Liguria,5831,2580,2.6,0.03,2.59
Celiachia,2019,Lombardia,37152,16306,2.6,0.03,16.51
Celiachia,2019,Marche,5624,2477,2.5,0.02,2.50
Celiachia,2019,Molise,1135,495,2.4,0.02,0.50
Celiachia,2019,Piemonte,16202,7121,2.6,0.01,7.20
Celiachia,2019,Puglia,15067,6605,2.5,0.03,6.70
Celiachia,2019,Sardegna,6295,2786,2.6,0.02,2.80
Celiachia,2019,Sicilia,18215,7998,2.5,0.02,8.09
Celiachia,2019,Toscana,13932,6140,2.5,0.03,6.19
Celiachia,2019,Trentino Alto Adige,3818,1703,2.5,0.02,1.70
Celiachia,2019,Umbria,3354,1496,2.5,0.02,1.49
Celiachia,2019,Valle D'Aosta,464,206,2.6,0.02,0.21
Celiachia,2019,Veneto,19195,8462,2.6,0.03,8.53
Celiachia,2020,Abruzzo,5112,2236,2.5,0.02,2.20
Celiachia,2020,Basilicata,2130,905,2.4,0.01,0.92
Celiachia,2020,Calabria,7455,3302,2.5,0.02,3.21
Celiachia,2020,Campania,22046,9692,2.4,0.02,9.49
Celiachia,2020,Emilia Romagna,17147,7562,2.6,0.03,7.38
Celiachia,2020,Friuli Venezia Giulia,4633,2024,2.5,0.02,1.99
Celiachia,2020,Lazio,22792,10011,2.5,0.03,9.81
Celiachia,2020,Liguria,6017,2663,2.6,0.03,2.59
Celiachia,2020,Lombardia,38341,16827,2.6,0.02,16.51
Celiachia,2020,Marche,5804,2556,2.5,0.02,2.50
Celiachia,2020,Molise,1172,511,2.4,0.01,0.50
Celiachia,2020,Piemonte,16721,7349,2.6,0.03,7.20
Celiachia,2020,Puglia,15549,6816,2.5,0.02,6.70
Celiachia,2020,Sardegna,6497,2875,2.6,0.02,2.80
Celiachia,2020,Sicilia,18798,8254,2.5,0.02,8.09
Celiachia,2020,Toscana,14378,6337,2.5,0.03,6.19
Celiachia,2020,Trentino Alto Adige,3941,1757,2.5,0.02,1.70
Celiachia,2020,Umbria,3461,1544,2.5,0.02,1.49
Celiachia,2020,Valle D'Aosta,479,213,2.6,0.02,0.21
Celiachia,2020,Veneto,20031,8832,2.6,0.03,8.64
Celiachia,2021,Abruzzo,5276,2308,2.4,0.02,2.20
Celiachia,2021,Basilicata,2198,934,2.3,0.01,0.92
Celiachia,2021,Calabria,7694,3407,2.4,0.02,3.21
Celiachia,2021,Campania,22751,10002,2.3,0.02,9.49
Celiachia,2021,Emilia Romagna,17696,7804,2.5,0.03,7.38
Celiachia,2021,Friuli Venezia Giulia,4781,2088,2.4,0.02,1.99
Celiachia,2021,Lazio,23521,10332,2.4,0.03,9.81
Celiachia,2021,Liguria,6210,17366,2.5,0.03,2.59
Celiachia,2021,Lombardia,39568,2638,2.4,0.02,16.51
Celiachia,2021,Marche,5990,2638,2.4,0.02,2.50
Celiachia,2021,Molise,1209,528,2.3,0.01,0.50
Celiachia,2021,Piemonte,17256,7584,2.5,0.03,7.20
Celiachia,2021,Puglia,16047,7034,2.4,0.02,6.70
Celiachia,2021,Sardegna,6705,2967,2.5,0.02,2.80
Celiachia,2021,Sicilia,19400,8518,2.4,0.02,8.09
Celiachia,2021,Toscana,14838,6540,2.4,0.03,6.19
Celiachia,2021,Trentino Alto Adige,4067,1814,2.4,0.02,1.70
Celiachia,2021,Umbria,3572,1594,2.4,0.02,1.49
Celiachia,2021,Valle D'Aosta,495,220,2.5,0.02,0.21
Celiachia,2021,Veneto,20331,8941,2.5,0.03,8.48
Celiachia,2022,Abruzzo,5445,2382,2.4,0.02,2.20
Celiachia,2022,Basilicata,2269,964,2.3,0.01,0.92
Celiachia,2022,Calabria,7940,3516,2.4,0.02,3.21
Celiachia,2022,Campania,23479,10322,2.3,0.03,9.49
Celiachia,2022,Emilia Romagna,18262,8053,2.5,0.02,7.38
Celiachia,2022,Friuli Venezia Giulia,4921,2149,2.4,0.03,1.99
Celiachia,2022,Lazio,24274,10662,2.4,0.03,9.81
Celiachia,2022,Liguria,6409,2836,2.5,0.02,2.59
Celiachia,2022,Lombardia,40834,17922,2.5,0.02,16.51
Celiachia,2022,Marche,6182,2723,2.4,0.01,2.50
Celiachia,2022,Molise,1248,545,2.3,0.03,0.50
Celiachia,2022,Piemonte,17808,7826,2.5,0.02,7.20
Celiachia,2022,Puglia,16560,7259,2.4,0.02,6.70
Celiachia,2022,Sardegna,6919,3062,2.5,0.02,2.80
Celiachia,2022,Sicilia,20021,8790,2.4,0.03,8.09
Celiachia,2022,Toscana,15313,6749,2.4,0.03,6.19
Celiachia,2022,Trentino Alto Adige,204,1872,2.4,0.02,1.70
Celiachia,2022,Umbria,3686,1645,2.4,0.02,1.49
Celiachia,2022,Valle D'Aosta,510,227,2.5,0.02,0.21
Celiachia,2022,Veneto,20982,9227,2.5,0.03,8.64
Celiachia,2023,Abruzzo,5620,2458,2.3,0.02,2.20
Celiachia,2023,Basilicata,2341,995,2.2,0.01,0.92
Celiachia,2023,Calabria,8194,3629,2.3,0.02,3.21
Celiachia,2023,Campania,24230,10652,2.3,0.02,9.49
Celiachia,2023,Emilia Romagna,18847,8311,2.4,0.03,7.38
Celiachia,2023,Friuli Venezia Giulia,5078,2218,2.3,0.02,1.99
Celiachia,2023,Lazio,25051,11003,2.3,0.03,9.81
Celiachia,2023,Liguria,6614,2927,2.4,0.03,2.59
Celiachia,2023,Lombardia,42141,18495,2.4,0.02,16.51
Celiachia,2023,Marche,6380,2810,2.3,0.02,2.50
Celiachia,2023,Molise,1288,562,2.2,0.01,0.50
Celiachia,2023,Piemonte,18378,8077,2.4,0.03,7.20
Celiachia,2023,Puglia,17090,7492,2.3,0.02,6.70
Celiachia,2023,Sardegna,7141,3160,2.4,0.02,2.80
Celiachia,2023,Sicilia,20662,907,2.3,0.02,8.09
Celiachia,2023,Toscana,15803,6965,2.3,0.03,6.19
Celiachia,2023,Trentino Alto Adige,4338,1932,2.3,0.02,1.70
Celiachia,2023,Umbria,3804,1697,2.3,0.02,1.49
Celiachia,2023,Valle D'Aosta,527,234,2.4,0.02,0.21
Celiachia,2023,Veneto,21653,9522,2.4,0.03,8.48
Celiachia,2024,Abruzzo,5800,2537,2.3,0.02,2.20
Celiachia,2024,Basilicata,2416,1027,2.2,0.01,0.92
Celiachia,2024,Calabria,8456,3745,2.3,0.02,3.21
Celiachia,2024,Campania,25005,10993,2.2,0.02,9.49
Celiachia,2024,Emilia Romagna,19450,8577,2.4,0.03,7.38
Celiachia,2024,Friuli Venezia Giulia,5241,2289,2.3,0.02,1.99
Celiachia,2024,Lazio,25853,11356,2.3,0.03,9.81
Celiachia,2024,Liguria,6825,3020,2.4,0.03,2.59
Celiachia,2024,Lombardia,43489,19087,2.4,0.02,16.51
Celiachia,2024,Marche,6584,2900,2.3,0.02,2.50
Celiachia,2024,Molise,1329,580,2.2,0.01,0.50
Celiachia,2024,Piemonte,18966,8335,2.4,0.03,7.20
Celiachia,2024,Puglia,17637,7731,2.3,0.02,6.70
Celiachia,2024,Sardegna,7369,3261,2.4,0.03,2.80
Celiachia,2024,Sicilia,21323,9362,2.3,0.02,8.09
Celiachia,2024,Toscana,16308,7188,2.3,0.02,6.19
Celiachia,2024,Trentino Alto Adige,4477,1994,2.3,0.02,1.70
Celiachia,2024,Umbria,3926,1752,2.3,0.02,1.49
Celiachia,2024,Valle D'Aosta,544,242,2.4,0.02,0.21
Celiachia,2024,Veneto,22344,9827,2.4,0.03,8.64
Celiachia,2025,Abruzzo,5986,2618,2.2,0.02,2.20
Celiachia,2025,Basilicata,2493,1060,2.1,0.01,0.92
Celiachia,2025,Calabria,8727,2864,2.2,"0,02",3.21
Celiachia,2025,Campania,25805,11345,2.1,0.02,9.49
Celiachia,2025,Emilia Romagna,20072,8852,2.3,0.03,7.38
Celiachia,2025,Friuli Venezia Giulia,5409,2362,2.2,0.02,1.99
Celiachia,2025,Lazio,26680,11719,2.2,0.03,9.81
Celiachia,2025,Liguria,7044,3117,2.3,0.03,2.59
Celiachia,2025,Lombardia,44881,19698,2.3,0.02,16.51
Celiachia,2025,Marche,6795,2993,2.2,0.02,2.50
Celiachia,2025,Molise,1371,599,2.1,0.01,0.50
Celiachia,2025,Piemonte,19573,8602,2.3,0.03,7.20
Celiachia,2025,Puglia,18201,7979,2.2,0.02,6.70
Celiachia,2025,Sardegna,7605,3366,2.3,0.02,2.80
Celiachia,2025,Sicilia,22005,9662,2.2,0.02,8.09
Celiachia,2025,Toscana,16830,7418,2.2,0.03,6.19
Celiachia,2025,Trentino Alto Adige,4620,2058,2.2,0.02,1.70
Celiachia,2025,Umbria,4051,1808,2.2,0.02,1.49
Celiachia,2025,Valle D'Aosta,561,249,2.3,0.02,0.21
Celiachia,2025,Veneto,23061,10141,2.3,0.03,8.48
Diabete Tipo 1,2018,Abruzzo,4800,4750,7.2,0.08,2.32
Diabete Tipo 1,2018,Basilicata,1100,1090,7.1,0.07,0.44
Diabete Tipo 1,2018,Calabria,7200,7120,7.2,0.09,3.28
Diabete Tipo 1,2018,Campania,20500,20300,7.1,0.08,8.20
Diabete Tipo 1,2018,Emilia Romagna,18200,18000,7.4,0.10,7.28
Diabete Tipo 1,2018,Friuli Venezia Giulia,4900,4850,7.3,0.10,2.36
Diabete Tipo 1,2018,Lazio,23100,22850,7.3,0.09,9.24
Diabete Tipo 1,2018,Liguria,6500,6430,7.4,0.11,3.00
Diabete Tipo 1,2018,Lombardia,38400,38000,7.4,0.10,15.36
Diabete Tipo 1,2018,Marche,5800,5740,7.3,0.09,2.32
Diabete Tipo 1,2018,Molise,650,640,7.2,0.08,0.26
Diabete Tipo 1,2018,Piemonte,17600,17400,7.4,0.10,7.04
Diabete Tipo 1,2018,Puglia,14800,14650,7.2,0.09,6.32
Diabete Tipo 1,2018,Sardegna,25000,24800,7.5,0.12,10.00
Diabete Tipo 1,2018,Sicilia,19800,19600,7.2,0.09,8.32
Diabete Tipo 1,2018,Toscana,15200,15050,7.3,0.10,6.08
Diabete Tipo 1,2018,Trentino Alto Adige,4100,4050,7.3,0.10,2.04
Diabete Tipo 1,2018,Umbria,3500,3460,7.3,0.09,1.40
Diabete Tipo 1,2018,Valle D'Aosta,550,540,7.4,0.11,0.22
Diabete Tipo 1,2018,Veneto,18300,18100,7.4,0.10,7.32
Diabete Tipo 1,2019,Abruzzo,4896,4845,7.2,0.08,2.32
Diabete Tipo 1,2019,Basilicata,1122,1112,7.1,0.07,0.44
Diabete Tipo 1,2019,Calabria,7344,7262,7.2,0.09,3.28
Diabete Tipo 1,2019,Campania,20910,20706,7.1,0.08,8.20
Diabete Tipo 1,2019,Emilia Romagna,18564,18360,7.4,0.10,7.28
Diabete Tipo 1,2019,Friuli Venezia Giulia,4998,4947,7.3,0.10,2.36
Diabete Tipo 1,2019,Lazio,23562,23307,7.3,0.09,9.24
Diabete Tipo 1,2019,Liguria,6630,6559,7.4,0.11,3.00
Diabete Tipo 1,2019,Lombardia,39168,38760,7.4,0.10,15.36
Diabete Tipo 1,2019,Marche,5916,5855,7.3,0.09,2.32
Diabete Tipo 1,2019,Molise,663,653,7.2,0.08,0.26
Diabete Tipo 1,2019,Piemonte,17952,17748,7.4,0.10,7.04
Diabete Tipo 1,2019,Puglia,15096,14943,7.2,0.09,6.32
Diabete Tipo 1,2019,Sardegna,25500,25296,7.5,0.12,10.00
Diabete Tipo 1,2019,Sicilia,20196,19992,7.2,0.09,8.32
Diabete Tipo 1,2019,Toscana,15504,15351,7.3,0.10,6.08
Diabete Tipo 1,2019,Trentino Alto Adige,4182,4131,7.3,0.10,2.04
Diabete Tipo 1,2019,Umbria,3570,3529,7.3,0.09,1.40
Diabete Tipo 1,2019,Valle D'Aosta,561,551,7.4,0.11,0.22
Diabete Tipo 1,2019,Veneto,18666,18462,7.4,0.10,7.32
Diabete Tipo 1,2020,Abruzzo,4994,4942,7.2,0.09,2.32
Diabete Tipo 1,2020,Basilicata,1144,1134,7.1,0.08,0.44
Diabete Tipo 1,2020,Calabria,7491,7408,7.2,0.10,3.28
Diabete Tipo 1,2020,Campania,21328,21120,7.1,0.09,8.20
Diabete Tipo 1,2020,Emilia Romagna,18935,18727,7.4,0.11,7.28
Diabete Tipo 1,2020,Friuli Venezia Giulia,5098,5046,7.3,0.11,2.36
Diabete Tipo 1,2020,Lazio,24033,23773,7.3,0.10,9.24
Diabete Tipo 1,2020,Liguria,6763,6690,7.4,0.12,3.00
Diabete Tipo 1,2020,Lombardia,39951,39535,7.4,0.11,15.36
Diabete Tipo 1,2020,Marche,6034,5972,7.3,0.10,2.32
Diabete Tipo 1,2020,Molise,676,666,7.2,0.09,0.26
Diabete Tipo 1,2020,Piemonte,18311,18103,7.4,0.11,7.04
Diabete Tipo 1,2020,Puglia,15398,15242,7.2,0.10,6.32
Diabete Tipo 1,2020,Sardegna,26010,25802,7.5,0.13,10.00
Diabete Tipo 1,2020,Sicilia,20600,20392,7.2,0.10,8.32
Diabete Tipo 1,2020,Toscana,15814,15658,7.3,0.11,6.08
Diabete Tipo 1,2020,Trentino Alto Adige,4266,4214,7.3,0.11,2.04
Diabete Tipo 1,2020,Umbria,3641,3600,7.3,0.10,1.40
Diabete Tipo 1,2020,Valle D'Aosta,572,562,7.4,0.12,0.22
Diabete Tipo 1,2020,Veneto,19039,18831,7.4,0.11,7.32
Diabete Tipo 1,2021,Abruzzo,5094,5043,7.3,0.08,2.32
Diabete Tipo 1,2021,Basilicata,1167,1157,7.2,0.07,0.44
Diabete Tipo 1,2021,Calabria,7641,7565,7.3,0.09,3.28
Diabete Tipo 1,2021,Campania,21755,21543,7.2,0.08,8.20
Diabete Tipo 1,2021,Emilia Romagna,19314,19102,7.5,0.10,7.28
Diabete Tipo 1,2021,Friuli Venezia Giulia,5200,5148,7.4,0.10,2.36
Diabete Tipo 1,2021,Lazio,24514,24249,7.4,0.09,9.24
Diabete Tipo 1,2021,Liguria,6898,6824,7.5,0.11,3.00
Diabete Tipo 1,2021,Lombardia,40750,40326,7.5,0.10,15.36
Diabete Tipo 1,2021,Marche,6155,6091,7.4,0.09,2.32
Diabete Tipo 1,2021,Molise,690,679,7.3,0.08,0.26
Diabete Tipo 1,2021,Piemonte,18677,18465,7.5,0.10,7.04
Diabete Tipo 1,2021,Puglia,15706,15547,7.3,0.09,6.32
Diabete Tipo 1,2021,Sardegna,26530,26318,7.6,0.12,10.00
Diabete Tipo 1,2021,Sicilia,21012,20800,7.3,0.09,8.32
Diabete Tipo 1,2021,Toscana,16130,15971,7.4,0.10,6.08
Diabete Tipo 1,2021,Trentino Alto Adige,4351,4299,7.4,0.10,2.04
Diabete Tipo 1,2021,Umbria,3714,3672,7.4,0.09,1.40
Diabete Tipo 1,2021,Valle D'Aosta,583,573,7.5,0.11,0.22
Diabete Tipo 1,2021,Veneto,19420,19208,7.5,0.10,7.32
Diabete Tipo 1,2022,Abruzzo,5196,5145,7.3,0.08,2.32
Diabete Tipo 1,2022,Basilicata,1190,1180,7.2,0.07,0.44
Diabete Tipo 1,2022,Calabria,7794,7716,7.3,0.09,3.28
Diabete Tipo 1,2022,Campania,22190,21974,7.2,0.08,8.20
Diabete Tipo 1,2022,Emilia Romagna,19700,19484,7.5,0.10,7.28
Diabete Tipo 1,2022,Friuli Venezia Giulia,5304,5251,7.4,0.10,2.36
Diabete Tipo 1,2022,Lazio,25004,24734,7.4,0.09,9.24
Diabete Tipo 1,2022,Liguria,7036,6961,7.5,0.11,3.00
Diabete Tipo 1,2022,Lombardia,41565,41133,7.5,0.10,15.36
Diabete Tipo 1,2022,Marche,6278,6213,7.4,0.09,2.32
Diabete Tipo 1,2022,Molise,704,693,7.3,0.08,0.26
Diabete Tipo 1,2022,Piemonte,19051,18835,7.5,0.10,7.04
Diabete Tipo 1,2022,Puglia,16020,15858,7.3,0.09,6.32
Diabete Tipo 1,2022,Sardegna,27061,26845,7.6,0.11,10.00
Diabete Tipo 1,2022,Sicilia,21432,21216,7.3,0.09,8.32
Diabete Tipo 1,2022,Toscana,16453,16290,7.4,0.10,6.08
Diabete Tipo 1,2022,Trentino Alto Adige,4438,4385,7.4,0.10,2.04
Diabete Tipo 1,2022,Umbria,3788,3746,7.4,0.09,1.40
Diabete Tipo 1,2022,Valle D'Aosta,595,585,7.5,0.11,0.22
Diabete Tipo 1,2022,Veneto,19808,19592,7.5,0.10,7.32
Diabete Tipo 1,2023,Abruzzo,5300,5248,7.3,0.07,2.32
Diabete Tipo 1,2023,Basilicata,1214,1204,7.2,0.06,0.44
Diabete Tipo 1,2023,Calabria,7950,7871,7.3,0.08,3.28
Diabete Tipo 1,2023,Campania,22634,22413,7.2,0.08,8.20
Diabete Tipo 1,2023,Emilia Romagna,20094,19874,7.5,0.09,7.28
Diabete Tipo 1,2023,Friuli Venezia Giulia,5410,5356,7.4,0.09,2.36
Diabete Tipo 1,2023,Lazio,25504,25229,7.4,0.08,9.24
Diabete Tipo 1,2023,Liguria,7177,7100,7.5,0.10,3.00
Diabete Tipo 1,2023,Lombardia,42396,41956,7.5,0.09,15.36
Diabete Tipo 1,2023,Marche,6404,6337,7.4,0.08,2.32
Diabete Tipo 1,2023,Molise,718,707,7.3,0.07,0.26
Diabete Tipo 1,2023,Piemonte,19432,19211,7.5,0.09,7.04
Diabete Tipo 1,2023,Puglia,16340,16175,7.3,0.08,6.32
Diabete Tipo 1,2023,Sardegna,27602,27382,7.6,0.11,10.00
Diabete Tipo 1,2023,Sicilia,21861,21640,7.3,0.08,8.32
Diabete Tipo 1,2023,Toscana,16782,16616,7.4,0.09,6.08
Diabete Tipo 1,2023,Trentino Alto Adige,4527,4473,7.4,0.09,2.04
Diabete Tipo 1,2023,Umbria,3864,3821,7.4,0.08,1.40
Diabete Tipo 1,2023,Valle D'Aosta,607,597,7.5,0.10,0.22
Diabete Tipo 1,2023,Veneto,20204,19984,7.5,0.09,7.32
Diabete Tipo 1,2024,Abruzzo,5406,5353,7.3,0.07,2.32
Diabete Tipo 1,2024,Basilicata,1238,1228,7.2,0.06,0.44
Diabete Tipo 1,2024,Calabria,8109,8028,7.3,0.08,3.28
Diabete Tipo 1,2024,Campania,23087,22861,7.2,0.07,8.20
Diabete Tipo 1,2024,Emilia Romagna,20496,20271,7.5,0.09,7.28
Diabete Tipo 1,2024,Friuli Venezia Giulia,5518,5463,7.4,0.09,2.36
Diabete Tipo 1,2024,Lazio,26014,25733,7.4,0.08,9.24
Diabete Tipo 1,2024,Liguria,7320,7242,7.5,0.10,3.00
Diabete Tipo 1,2024,Lombardia,43244,42795,7.6,0.09,15.36
Diabete Tipo 1,2024,Marche,6532,6464,7.4,0.08,2.32
Diabete Tipo 1,2024,Molise,732,721,7.3,0.07,0.26
Diabete Tipo 1,2024,Piemonte,19821,19596,7.5,0.09,7.04
Diabete Tipo 1,2024,Puglia,16667,16499,7.3,0.08,6.32
Diabete Tipo 1,2024,Sardegna,28154,27929,7.7,0.11,10.00
Diabete Tipo 1,2024,Sicilia,22298,22073,7.3,0.08,8.32
Diabete Tipo 1,2024,Toscana,17118,16948,7.4,0.09,6.08
Diabete Tipo 1,2024,Trentino Alto Adige,4618,4562,7.4,0.09,2.04
Diabete Tipo 1,2024,Umbria,3941,3897,7.4,0.08,1.40
Diabete Tipo 1,2024,Valle D'Aosta,619,609,7.5,0.10,0.22
Diabete Tipo 1,2024,Veneto,20608,20384,7.6,0.09,7.32
Diabete Tipo 1,2025,Abruzzo,5514,5460,7.3,0.07,2.32
Diabete Tipo 1,2025,Basilicata,1263,1253,7.2,0.06,0.44
Diabete Tipo 1,2025,Calabria,8271,8189,7.3,0.08,3.28
Diabete Tipo 1,2025,Campania,23549,23318,7.2,0.07,8.20
Diabete Tipo 1,2025,Emilia Romagna,20906,20676,7.5,0.09,7.28
Diabete Tipo 1,2025,Friuli Venezia Giulia,5628,5572,7.4,0.09,2.36
Diabete Tipo 1,2025,Lazio,26534,26248,7.4,0.08,9.24
Diabete Tipo 1,2025,Liguria,7466,7387,7.5,0.10,3.00
Diabete Tipo 1,2025,Lombardia,44109,43651,7.6,0.09,15.36
Diabete Tipo 1,2025,Marche,6663,6593,7.4,0.08,2.32
Diabete Tipo 1,2025,Molise,747,735,7.3,0.07,0.26
Diabete Tipo 1,2025,Piemonte,20217,19988,7.5,0.09,7.04
Diabete Tipo 1,2025,Puglia,17000,16829,7.3,0.08,6.32
Diabete Tipo 1,2025,Sardegna,28717,28488,7.7,0.10,10.00
Diabete Tipo 1,2025,Sicilia,22744,22514,7.3,0.08,8.32
Diabete Tipo 1,2025,Toscana,17460,17287,7.4,0.09,6.08
Diabete Tipo 1,2025,Trentino Alto Adige,4710,4653,7.4,0.09,2.04
Diabete Tipo 1,2025,Umbria,4020,3975,7.4,0.08,1.40
Diabete Tipo 1,2025,Valle D'Aosta,631,621,7.5,0.10,0.22
Diabete Tipo 1,2025,Veneto,21020,20792,7.6,0.09,7.32
Tiroidite di Hashimoto,2018,Abruzzo,11000,8250,2.7,0.01,2.20
Tiroidite di Hashimoto,2018,Basilicata,4600,3450,2.6,0.01,1.32
Tiroidite di Hashimoto,2018,Calabria,16050,12040,2.7,0.01,3.21
Tiroidite di Hashimoto,2018,Campania,47450,3558,2.7,0.01,9.49
Tiroidite di Hashimoto,2018,Emilia Romagna,36900,27670,2.8,0.02,7.38
Tiroidite di Hashimoto,2018,Friuli Venezia Giulia,9950,7460,2.8,0.02,2.39
Tiroidite di Hashimoto,2018,Lazio,49050,36780,2.7,0.02,10.21
Tiroidite di Hashimoto,2018,Liguria,12950,9710,2.8,0.02,2.59
Tiroidite di Hashimoto,2018,Lombardia,82550,61910,2.8,0.01,16.51
Tiroidite di Hashimoto,2018,Marche,12500,9370,2.7,0.02,2.50
Tiroidite di Hashimoto,2018,Molise,2500,1870,2.6,0.01,0.50
Tiroidite di Hashimoto,2018,Piemonte,36000,27000,2.8,0.02,7.20
Tiroidite di Hashimoto,2018,Puglia,33500,25120,2.7,0.01,7.10
Tiroidite di Hashimoto,2018,Sardegna,14000,10500,2.8,0.01,3.20
Tiroidite di Hashimoto,2018,Sicilia,40450,30340,2.7,0.01,8.09
Tiroidite di Hashimoto,2018,Toscana,30950,23210,2.7,0.02,6.19
Tiroidite di Hashimoto,2018,Trentino Alto Adige,8500,6370,2.8,0.02,2.10
Tiroidite di Hashimoto,2018,Umbria,7450,5590,2.7,0.01,1.49
Tiroidite di Hashimoto,2018,Valle D'Aosta,1050,790,2.8,0.02,0.21
Tiroidite di Hashimoto,2018,Veneto,42650,31980,2.8,0.02,8.53
Tiroidite di Hashimoto,2019,Abruzzo,11198,8398,2.7,0.01,2.20
Tiroidite di Hashimoto,2019,Basilicata,4683,3512,2.6,0.01,1.32
Tiroidite di Hashimoto,2019,Calabria,16339,12254,2.7,0.01,3.21
Tiroidite di Hashimoto,2019,Campania,48304,36228,2.7,0.01,9.49
Tiroidite di Hashimoto,2019,Emilia Romagna,37564,28173,2.8,0.02,7.38
Tiroidite di Hashimoto,2019,Friuli Venezia Giulia,10129,7597,2.8,0.02,2.39
Tiroidite di Hashimoto,2019,Lazio,49933,37449,2.7,0.02,10.21
Tiroidite di Hashimoto,2019,Liguria,13183,9887,2.8,0.02,2.59
Tiroidite di Hashimoto,2019,Lombardia,84036,63027,2.8,0.01,16.51
Tiroidite di Hashimoto,2019,Marche,12725,9543,2.7,0.02,2.50
Tiroidite di Hashimoto,2019,Molise,2545,1908,2.6,0.01,0.50
Tiroidite di Hashimoto,2019,Piemonte,36648,27486,2.8,0.02,7.20
Tiroidite di Hashimoto,2019,Puglia,34103,25577,2.7,0.01,7.10
Tiroidite di Hashimoto,2019,Sardegna,14252,10689,2.8,0.01,3.20
Tiroidite di Hashimoto,2019,Sicilia,41178,30883,2.7,0.01,8.09
Tiroidite di Hashimoto,2019,Toscana,31507,23630,2.7,0.02,6.19
Tiroidite di Hashimoto,2019,Trentino Alto Adige,8653,6489,2.8,0.02,2.10
Tiroidite di Hashimoto,2019,Umbria,7584,5688,2.7,0.01,1.49
Tiroidite di Hashimoto,2019,Valle D'Aosta,1069,801,2.8,0.02,0.21
Tiroidite di Hashimoto,2019,Veneto,43418,32563,2.8,0.02,8.53
Tiroidite di Hashimoto,2020,Abruzzo,11400,8550,2.7,0.01,2.20
Tiroidite di Hashimoto,2020,Basilicata,4767,3575,2.6,0.01,1.32
Tiroidite di Hashimoto,2020,Calabria,16633,12475,2.7,0.01,3.21
Tiroidite di Hashimoto,2020,Campania,49174,36880,2.7,0.01,9.49
Tiroidite di Hashimoto,2020,Emilia Romagna,38240,28680,2.8,0.02,7.38
Tiroidite di Hashimoto,2020,Friuli Venezia Giulia,10311,7733,2.8,0.02,2.39
Tiroidite di Hashimoto,2020,Lazio,50832,38124,2.7,0.02,10.21
Tiroidite di Hashimoto,2020,Liguria,13420,10065,2.8,0.02,2.59
Tiroidite di Hashimoto,2020,Lombardia,85549,64162,2.8,0.01,16.51
Tiroidite di Hashimoto,2020,Marche,12954,9715,2.7,0.02,2.50
Tiroidite di Hashimoto,2020,Molise,2591,1943,2.6,0.01,0.50
Tiroidite di Hashimoto,2020,Piemonte,37308,27980,2.8,0.02,7.20
Tiroidite di Hashimoto,2020,Puglia,34717,26037,2.7,0.01,7.10
Tiroidite di Hashimoto,2020,Sardegna,14509,10881,2.8,0.01,3.20
Tiroidite di Hashimoto,2020,Sicilia,41919,31439,2.7,0.01,8.09
Tiroidite di Hashimoto,2020,Toscana,32074,24056,2.7,0.02,6.19
Tiroidite di Hashimoto,2020,Trentino Alto Adige,8809,6607,2.8,0.02,2.10
Tiroidite di Hashimoto,2020,Umbria,7721,5790,2.7,0.01,1.49
Tiroidite di Hashimoto,2020,Valle D'Aosta,1088,816,2.8,0.02,0.21
Tiroidite di Hashimoto,2020,Veneto,44199,33149,2.8,0.02,8.53
Tiroidite di Hashimoto,2021,Abruzzo,11605,8703,2.8,0.01,2.20
Tiroidite di Hashimoto,2021,Basilicata,4853,3639,2.7,0.01,1.32
Tiroidite di Hashimoto,2021,Calabria,16932,12699,2.8,0.01,3.21
Tiroidite di Hashimoto,2021,Campania,50059,37544,2.8,0.01,9.49
Tiroidite di Hashimoto,2021,Emilia Romagna,38928,29196,2.9,0.02,7.38
Tiroidite di Hashimoto,2021,Friuli Venezia Giulia,10497,7872,2.9,0.02,2.39
Tiroidite di Hashimoto,2021,Lazio,51747,38810,2.8,0.02,10.21
Tiroidite di Hashimoto,2021,Liguria,13662,10246,2.9,0.02,2.59
Tiroidite di Hashimoto,2021,Lombardia,87089,65317,2.9,0.01,16.51
Tiroidite di Hashimoto,2021,Marche,13187,9890,2.8,0.02,2.50
Tiroidite di Hashimoto,2021,Molise,2638,1978,2.7,0.01,0.50
Tiroidite di Hashimoto,2021,Piemonte,37979,28484,2.9,0.02,7.20
Tiroidite di Hashimoto,2021,Puglia,35342,26506,2.8,0.01,7.10
Tiroidite di Hashimoto,2021,Sardegna,14770,11077,2.9,0.01,3.20
Tiroidite di Hashimoto,2021,Sicilia,42674,32005,2.8,0.01,8.09
Tiroidite di Hashimoto,2021,Toscana,32651,24488,2.8,0.02,6.19
Tiroidite di Hashimoto,2021,Trentino Alto Adige,8967,6725,2.9,0.02,2.10
Tiroidite di Hashimoto,2021,Umbria,7859,5894,2.8,0.01,1.49
Tiroidite di Hashimoto,2021,Valle D'Aosta,1108,831,2.9,0.02,0.21
Tiroidite di Hashimoto,2021,Veneto,44995,33746,2.9,0.02,8.53
Tiroidite di Hashimoto,2022,Abruzzo,11814,8860,2.8,0.01,2.20
Tiroidite di Hashimoto,2022,Basilicata,4940,3705,2.7,0.01,1.32
Tiroidite di Hashimoto,2022,Calabria,17237,12927,2.8,0.01,3.21
Tiroidite di Hashimoto,2022,Campania,50960,38220,2.8,0.01,9.49
Tiroidite di Hashimoto,2022,Emilia Romagna,39629,29722,2.9,0.02,7.38
Tiroidite di Hashimoto,2022,Friuli Venezia Giulia,10686,8014,2.9,0.02,2.39
Tiroidite di Hashimoto,2022,Lazio,52678,39508,2.8,0.02,10.21
Tiroidite di Hashimoto,2022,Liguria,13908,10431,2.9,0.02,2.59
Tiroidite di Hashimoto,2022,Lombardia,88657,66492,2.9,0.01,16.51
Tiroidite di Hashimoto,2022,Marche,13424,10068,2.8,0.02,2.50
Tiroidite di Hashimoto,2022,Molise,2685,2014,2.7,0.01,0.50
Tiroidite di Hashimoto,2022,Piemonte,38663,28997,2.9,0.02,7.20
Tiroidite di Hashimoto,2022,Puglia,35978,26983,2.8,0.01,7.10
Tiroidite di Hashimoto,2022,Sardegna,15036,11277,2.9,0.01,3.20
Tiroidite di Hashimoto,2022,Sicilia,43442,32581,2.8,0.01,8.09
Tiroidite di Hashimoto,2022,Toscana,33239,24929,2.8,0.02,6.19
Tiroidite di Hashimoto,2022,Trentino Alto Adige,9129,6846,2.9,0.02,2.10
Tiroidite di Hashimoto,2022,Umbria,8001,6000,2.8,0.01,1.49
Tiroidite di Hashimoto,2022,Valle D'Aosta,1128,846,2.9,0.02,0.21
Tiroidite di Hashimoto,2022,Veneto,45805,34353,2.9,0.02,8.53
Tiroidite di Hashimoto,2023,Abruzzo,12027,9020,2.8,0.01,2.20
Tiroidite di Hashimoto,2023,Basilicata,5029,3772,2.7,0.01,1.32
Tiroidite di Hashimoto,2023,Calabria,17547,13160,2.8,0.01,3.21
Tiroidite di Hashimoto,2023,Campania,51877,38908,2.8,0.01,9.49
Tiroidite di Hashimoto,2023,Emilia Romagna,40342,30257,2.9,0.02,7.38
Tiroidite di Hashimoto,2023,Friuli Venezia Giulia,10878,8158,2.9,0.02,2.39
Tiroidite di Hashimoto,2023,Lazio,53626,40220,2.8,0.02,10.21
Tiroidite di Hashimoto,2023,Liguria,14158,10618,2.9,0.02,2.59
Tiroidite di Hashimoto,2023,Lombardia,90253,67689,2.9,0.01,16.51
Tiroidite di Hashimoto,2023,Marche,13666,10249,2.8,0.02,2.50
Tiroidite di Hashimoto,2023,Molise,2733,2050,2.7,0.01,0.50
Tiroidite di Hashimoto,2023,Piemonte,39359,29519,2.9,0.02,7.20
Tiroidite di Hashimoto,2023,Puglia,36626,27469,2.8,0.01,7.10
Tiroidite di Hashimoto,2023,Sardegna,15307,11480,2.9,0.01,3.20
Tiroidite di Hashimoto,2023,Sicilia,44224,33168,2.8,0.01,8.09
Tiroidite di Hashimoto,2023,Toscana,33837,25378,2.8,0.02,6.19
Tiroidite di Hashimoto,2023,Trentino Alto Adige,9293,6970,2.9,0.02,2.10
Tiroidite di Hashimoto,2023,Umbria,8145,6108,2.8,0.01,1.49
Tiroidite di Hashimoto,2023,Valle D'Aosta,1148,861,2.9,0.02,0.21
Tiroidite di Hashimoto,2023,Veneto,46629,34972,2.9,0.02,8.53
Tiroidite di Hashimoto,2024,Abruzzo,12243,9182,2.9,0.01,2.20
Tiroidite di Hashimoto,2024,Basilicata,5120,3840,2.8,0.01,1.32
Tiroidite di Hashimoto,2024,Calabria,17863,13397,2.9,0.01,3.21
Tiroidite di Hashimoto,2024,Campania,52811,39608,2.9,0.01,9.49
Tiroidite di Hashimoto,2024,Emilia Romagna,41068,30801,3.0,0.02,7.38
Tiroidite di Hashimoto,2024,Friuli Venezia Giulia,11074,8305,3.0,0.02,2.39
Tiroidite di Hashimoto,2024,Lazio,54591,40943,2.9,0.02,10.21
Tiroidite di Hashimoto,2024,Liguria,14413,10810,3.0,0.02,2.59
Tiroidite di Hashimoto,2024,Lombardia,91878,68908,3.0,0.01,16.51
Tiroidite di Hashimoto,2024,Marche,13912,10434,2.9,0.02,2.50
Tiroidite di Hashimoto,2024,Molise,2782,2086,2.8,0.01,0.50
Tiroidite di Hashimoto,2024,Piemonte,40067,30050,3.0,0.02,7.20
Tiroidite di Hashimoto,2024,Puglia,37285,27964,2.9,0.01,7.10
Tiroidite di Hashimoto,2024,Sardegna,15582,11686,3.0,0.01,3.20
Tiroidite di Hashimoto,2024,Sicilia,45020,33765,2.9,0.01,8.09
Tiroidite di Hashimoto,2024,Toscana,34446,25834,2.9,0.02,6.19
Tiroidite di Hashimoto,2024,Trentino Alto Adige,9460,7095,3.0,0.02,2.10
Tiroidite di Hashimoto,2024,Umbria,8292,6219,2.9,0.01,1.49
Tiroidite di Hashimoto,2024,Valle D'Aosta,1169,876,3.0,0.02,0.21
Tiroidite di Hashimoto,2024,Veneto,47468,35601,3.0,0.02,8.53
Tiroidite di Hashimoto,2025,Abruzzo,12463,9347,2.9,0.01,2.20
Tiroidite di Hashimoto,2025,Basilicata,5212,3909,2.8,0.01,1.32
Tiroidite di Hashimoto,2025,Calabria,18185,13639,2.9,0.01,3.21
Tiroidite di Hashimoto,2025,Campania,53762,40321,2.9,0.01,9.49
Tiroidite di Hashimoto,2025,Emilia Romagna,41807,31355,3.0,0.02,7.38
Tiroidite di Hashimoto,2025,Friuli Venezia Giulia,11273,8455,3.0,0.02,2.39
Tiroidite di Hashimoto,2025,Lazio,55574,41680,2.9,0.02,10.21
Tiroidite di Hashimoto,2025,Liguria,14672,11004,3.0,0.02,2.59
Tiroidite di Hashimoto,2025,Lombardia,93532,70149,3.0,0.01,16.51
Tiroidite di Hashimoto,2025,Marche,14162,10621,2.9,0.02,2.50
Tiroidite di Hashimoto,2025,Molise,2832,2124,2.8,0.01,0.50
Tiroidite di Hashimoto,2025,Piemonte,40788,30591,3.0,0.02,7.20
Tiroidite di Hashimoto,2025,Puglia,37956,28467,2.9,0.01,7.10
Tiroidite di Hashimoto,2025,Sardegna,15862,11896,3.0,0.01,3.20
Tiroidite di Hashimoto,2025,Sicilia,45830,34372,2.9,0.01,8.09
Tiroidite di Hashimoto,2025,Toscana,35066,26299,2.9,0.02,6.19
Tiroidite di Hashimoto,2025,Trentino Alto Adige,9630,7222,3.0,0.02,2.10
Tiroidite di Hashimoto,2025,Umbria,8441,6330,2.9,0.01,1.49
Tiroidite di Hashimoto,2025,Valle D'Aosta,1190,892,3.0,0.02,0.21
Tiroidite di Hashimoto,2025,Veneto,48322,36242,3.0,0.02,8.53
Morbo di Crohn,2018,Abruzzo,1100,940,5.8,0.05,2.15
Morbo di Crohn,2018,Basilicata,450,380,5.7,0.04,1.28
Morbo di Crohn,2018,Calabria,1550,1320,5.8,0.05,3.03
Morbo di Crohn,2018,Campania,4800,4100,5.7,0.05,9.38
Morbo di Crohn,2018,Emilia Romagna,4100,3500,6.0,0.06,8.02
Morbo di Crohn,2018,Friuli Venezia Giulia,1150,980,6.1,0.06,2.25
Morbo di Crohn,2018,Lazio,4900,4180,5.9,0.06,9.58
Morbo di Crohn,2018,Liguria,1450,1240,6.1,0.07,3.23
Morbo di Crohn,2018,Lombardia,8500,7250,6.0,0.06,17.02
Morbo di Crohn,2018,Marche,1350,1150,5.9,0.06,3.04
Morbo di Crohn,2018,Molise,250,210,5.8,0.05,0.49
Morbo di Crohn,2018,Piemonte,3800,3250,6.0,0.06,7.43
Morbo di Crohn,2018,Puglia,3100,2650,5.8,0.05,6.06
Morbo di Crohn,2018,Sardegna,1400,1200,5.9,0.05,3.14
Morbo di Crohn,2018,Sicilia,3900,3320,5.7,0.05,8.02
Morbo di Crohn,2018,Toscana,3200,2730,5.9,0.06,6.25
Morbo di Crohn,2018,Trentino Alto Adige,950,810,6.1,0.06,2.26
Morbo di Crohn,2018,Umbria,800,680,5.9,0.06,1.56
Morbo di Crohn,2018,Valle D'Aosta,130,110,6.1,0.07,0.25
Morbo di Crohn,2018,Veneto,4300,3680,6.0,0.06,8.41
Morbo di Crohn,2019,Abruzzo,1126,963,5.8,0.05,2.15
Morbo di Crohn,2019,Basilicata,461,390,5.7,0.04,1.28
Morbo di Crohn,2019,Calabria,1587,1352,5.8,0.05,3.03
Morbo di Crohn,2019,Campania,4915,4198,5.7,0.05,9.38
Morbo di Crohn,2019,Emilia Romagna,4198,3584,6.0,0.06,8.02
Morbo di Crohn,2019,Friuli Venezia Giulia,1178,1004,6.1,0.06,2.25
Morbo di Crohn,2019,Lazio,5018,4280,5.9,0.06,9.58
Morbo di Crohn,2019,Liguria,1485,1270,6.1,0.07,3.23
Morbo di Crohn,2019,Lombardia,8704,7424,6.0,0.06,17.02
Morbo di Crohn,2019,Marche,1382,1178,5.9,0.06,3.04
Morbo di Crohn,2019,Molise,256,215,5.8,0.05,0.49
Morbo di Crohn,2019,Piemonte,3891,3328,6.0,0.06,7.43
Morbo di Crohn,2019,Puglia,3174,2714,5.8,0.05,6.06
Morbo di Crohn,2019,Sardegna,1434,1229,5.9,0.05,3.14
Morbo di Crohn,2019,Sicilia,3994,3400,5.7,0.05,8.02
Morbo di Crohn,2019,Toscana,3277,2796,5.9,0.06,6.25
Morbo di Crohn,2019,Trentino Alto Adige,973,829,6.1,0.06,2.26
Morbo di Crohn,2019,Umbria,819,696,5.9,0.06,1.56
Morbo di Crohn,2019,Valle D'Aosta,133,113,6.1,0.07,0.25
Morbo di Crohn,2019,Veneto,4403,3768,6.0,0.06,8.41
Morbo di Crohn,2020,Abruzzo,1153,986,5.8,0.05,2.15
Morbo di Crohn,2020,Basilicata,472,400,5.7,0.04,1.28
Morbo di Crohn,2020,Calabria,1625,1385,5.8,0.05,3.03
Morbo di Crohn,2020,Campania,5033,4298,5.7,0.05,9.38
Morbo di Crohn,2020,Emilia Romagna,4299,3670,6.0,0.06,8.02
Morbo di Crohn,2020,Friuli Venezia Giulia,1206,1028,6.1,0.06,2.25
Morbo di Crohn,2020,Lazio,5138,4383,5.9,0.06,9.58
Morbo di Crohn,2020,Liguria,1521,1300,6.1,0.07,3.23
Morbo di Crohn,2020,Lombardia,8913,7602,6.0,0.06,17.02
Morbo di Crohn,2020,Marche,1415,1206,5.9,0.06,3.04
Morbo di Crohn,2020,Molise,262,220,5.8,0.05,0.49
Morbo di Crohn,2020,Piemonte,3984,3408,6.0,0.06,7.43
Morbo di Crohn,2020,Puglia,3250,2779,5.8,0.05,6.06
Morbo di Crohn,2020,Sardegna,1468,1258,5.9,0.05,3.14
Morbo di Crohn,2020,Sicilia,4090,3482,5.7,0.05,8.02
Morbo di Crohn,2020,Toscana,3356,2863,5.9,0.06,6.25
Morbo di Crohn,2020,Trentino Alto Adige,996,849,6.1,0.06,2.26
Morbo di Crohn,2020,Umbria,839,713,5.9,0.06,1.56
Morbo di Crohn,2020,Valle D'Aosta,136,116,6.1,0.07,0.25
Morbo di Crohn,2020,Veneto,4509,3858,6.0,0.06,8.41
Morbo di Crohn,2021,Abruzzo,1181,1010,5.9,0.05,2.15
Morbo di Crohn,2021,Basilicata,483,410,5.8,0.04,1.28
Morbo di Crohn,2021,Calabria,1664,1419,5.9,0.05,3.03
Morbo di Crohn,2021,Campania,5154,4401,5.8,0.05,9.38
Morbo di Crohn,2021,Emilia Romagna,4402,3758,6.1,0.06,8.02
Morbo di Crohn,2021,Friuli Venezia Giulia,1235,1053,6.2,0.06,2.25
Morbo di Crohn,2021,Lazio,5261,4488,6.0,0.06,9.58
Morbo di Crohn,2021,Liguria,1558,1331,6.2,0.07,3.23
Morbo di Crohn,2021,Lombardia,9127,7885,6.1,0.06,17.02
Morbo di Crohn,2021,Marche,1449,1235,6.0,0.06,3.04
Morbo di Crohn,2021,Molise,268,225,5.9,0.05,0.49
Morbo di Crohn,2021,Piemonte,4080,3490,6.1,0.06,7.43
Morbo di Crohn,2021,Puglia,3328,2846,5.9,0.05,6.06
Morbo di Crohn,2021,Sardegna,1503,1288,6.0,0.05,3.14
Morbo di Crohn,2021,Sicilia,4188,3565,5.8,0.05,8.02
Morbo di Crohn,2021,Toscana,3437,2932,6.0,0.06,6.25
Morbo di Crohn,2021,Trentino Alto Adige,1020,869,6.2,0.06,2.26
Morbo di Crohn,2021,Umbria,859,730,6.0,0.06,1.56
Morbo di Crohn,2021,Valle D'Aosta,139,119,6.2,0.07,0.25
Morbo di Crohn,2021,Veneto,4617,3951,6.1,0.06,8.41
Morbo di Crohn,2022,Abruzzo,1209,1034,5.9,0.05,2.15
Morbo di Crohn,2022,Basilicata,495,420,5.8,0.04,1.28
Morbo di Crohn,2022,Calabria,1704,1453,5.9,0.05,3.03
Morbo di Crohn,2022,Campania,5278,4507,5.8,0.05,9.38
Morbo di Crohn,2022,Emilia Romagna,4508,3849,6.1,0.06,8.02
Morbo di Crohn,2022,Friuli Venezia Giulia,1265,1078,6.2,0.06,2.25
Morbo di Crohn,2022,Lazio,5387,4596,6.0,0.06,9.58
Morbo di Crohn,2022,Liguria,1595,1363,6.2,0.07,3.23
Morbo di Crohn,2022,Lombardia,9346,7972,6.1,0.06,17.02
Morbo di Crohn,2022,Marche,1484,1265,6.0,0.06,3.04
Morbo di Crohn,2022,Molise,274,230,5.9,0.05,0.49
Morbo di Crohn,2022,Piemonte,4178,3574,6.1,0.06,7.43
Morbo di Crohn,2022,Puglia,3408,2914,5.9,0.05,6.06
Morbo di Crohn,2022,Sardegna,1539,1319,6.0,0.05,3.14
Morbo di Crohn,2022,Sicilia,4289,3651,5.8,0.05,8.02
Morbo di Crohn,2022,Toscana,3520,3003,6.0,0.06,6.25
Morbo di Crohn,2022,Trentino Alto Adige,1045,890,6.2,0.06,2.26
Morbo di Crohn,2022,Umbria,880,748,6.0,0.06,1.56
Morbo di Crohn,2022,Valle D'Aosta,142,122,6.2,0.07,0.25
Morbo di Crohn,2022,Veneto,4728,4046,6.1,0.06,8.41
Morbo di Crohn,2023,Abruzzo,1238,1059,5.9,0.05,2.15
Morbo di Crohn,2023,Basilicata,507,430,5.8,0.04,1.28
Morbo di Crohn,2023,Calabria,1745,1488,5.9,0.05,3.03
Morbo di Crohn,2023,Campania,5405,4615,5.8,0.05,9.38
Morbo di Crohn,2023,Emilia Romagna,4616,3941,6.1,0.06,8.02
Morbo di Crohn,2023,Friuli Venezia Giulia,1295,1104,6.2,0.06,2.25
Morbo di Crohn,2023,Lazio,5516,4706,6.0,0.06,9.58
Morbo di Crohn,2023,Liguria,1633,1396,6.2,0.07,3.23
Morbo di Crohn,2023,Lombardia,9570,8163,6.1,0.06,17.02
Morbo di Crohn,2023,Marche,1520,1296,6.0,0.06,3.04
Morbo di Crohn,2023,Molise,281,236,5.9,0.05,0.49
Morbo di Crohn,2023,Piemonte,4278,3660,6.1,0.06,7.43
Morbo di Crohn,2023,Puglia,3490,2984,5.9,0.05,6.06
Morbo di Crohn,2023,Sardegna,1576,1351,6.0,0.05,3.14
Morbo di Crohn,2023,Sicilia,4392,3739,5.8,0.05,8.02
Morbo di Crohn,2023,Toscana,3605,3075,6.0,0.06,6.25
Morbo di Crohn,2023,Trentino Alto Adige,1070,911,6.2,0.06,2.26
Morbo di Crohn,2023,Umbria,901,766,6.0,0.06,1.56
Morbo di Crohn,2023,Valle D'Aosta,145,125,6.2,0.07,0.25
Morbo di Crohn,2023,Veneto,4841,4143,6.1,0.06,8.41
Morbo di Crohn,2024,Abruzzo,1268,1084,6.0,0.05,2.15
Morbo di Crohn,2024,Basilicata,519,440,5.9,0.04,1.28
Morbo di Crohn,2024,Calabria,1787,1524,6.0,0.05,3.03
Morbo di Crohn,2024,Campania,5535,4726,5.9,0.05,9.38
Morbo di Crohn,2024,Emilia Romagna,4727,4036,6.2,0.06,8.02
Morbo di Crohn,2024,Friuli Venezia Giulia,1326,1130,6.3,0.06,2.25
Morbo di Crohn,2024,Lazio,5648,4819,6.1,0.06,9.58
Morbo di Crohn,2024,Liguria,1672,1430,6.3,0.07,3.23
Morbo di Crohn,2024,Lombardia,9800,8359,6.2,0.06,17.02
Morbo di Crohn,2024,Marche,1557,1327,6.1,0.06,3.04
Morbo di Crohn,2024,Molise,288,242,6.0,0.05,0.49
Morbo di Crohn,2024,Piemonte,4381,3748,6.2,0.06,7.43
Morbo di Crohn,2024,Puglia,3574,3056,6.0,0.05,6.06
Morbo di Crohn,2024,Sardegna,1614,1383,6.1,0.05,3.14
Morbo di Crohn,2024,Sicilia,4497,3828,5.9,0.05,8.02
Morbo di Crohn,2024,Toscana,3692,3149,6.1,0.06,6.25
Morbo di Crohn,2024,Trentino Alto Adige,1096,933,6.3,0.06,2.26
Morbo di Crohn,2024,Umbria,923,784,6.1,0.06,1.56
Morbo di Crohn,2024,Valle D'Aosta,149,128,6.3,0.07,0.25
Morbo di Crohn,2024,Veneto,4957,4242,6.2,0.06,8.41
Morbo di Crohn,2025,Abruzzo,1298,1110,6.0,0.05,2.15
Morbo di Crohn,2025,Basilicata,531,451,5.9,0.04,1.28
Morbo di Crohn,2025,Calabria,1830,1561,6.0,0.05,3.03
Morbo di Crohn,2025,Campania,5668,4839,5.9,0.05,9.38
Morbo di Crohn,2025,Emilia Romagna,4840,4133,6.2,0.06,8.02
Morbo di Crohn,2025,Friuli Venezia Giulia,1358,1157,6.3,0.06,2.25
Morbo di Crohn,2025,Lazio,5784,4935,6.1,0.06,9.58
Morbo di Crohn,2025,Liguria,1712,1464,6.3,0.07,3.23
Morbo di Crohn,2025,Lombardia,10035,8560,6.2,0.06,17.02
Morbo di Crohn,2025,Marche,1594,1359,6.1,0.06,3.04
Morbo di Crohn,2025,Molise,295,248,6.0,0.05,0.49
Morbo di Crohn,2025,Piemonte,4486,3838,6.2,0.06,7.43
Morbo di Crohn,2025,Puglia,3660,3130,6.0,0.05,6.06
Morbo di Crohn,2025,Sardegna,1653,1416,6.1,0.05,3.14
Morbo di Crohn,2025,Sicilia,4605,3920,5.9,0.05,8.02
Morbo di Crohn,2025,Toscana,3781,3225,6.1,0.06,6.25
Morbo di Crohn,2025,Trentino Alto Adige,1122,955,6.3,0.06,2.26
Morbo di Crohn,2025,Umbria,945,803,6.1,0.06,1.56
Morbo di Crohn,2025,Valle D'Aosta,153,131,6.3,0.07,0.25
Morbo di Crohn,2025,Veneto,5076,4344,6.2,0.06,8.41